species,island,year,mean_flipper_mm,N
Adelie,Torgersen,2007,189.26315789473685,19
Adelie,Biscoe,2007,181.7,10
Adelie,Dream,2007,186.5,20
Gentoo,Biscoe,2007,215.11764705882354,34
Chinstrap,Dream,2007,192.42307692307693,26
