sex,pct_large,N
NA,22.22222222222222,9
female,24.242424242424242,165
male,46.42857142857143,168
